{"is_source_file": false, "format": "", "description": "", "external_files": [], "external_methods": [], "published": [], "classes": [], "methods": [], "calls": [], "search-terms": [], "state": 2, "file_id": 4, "knowledge_revision": 11, "git_revision": "e233f1a85e69f9fe88b1c7cd6ed159d479911fc5", "hash": "72bf628c7a0685a252b1ac49a2bcba6c", "format-version": 4, "code-base-name": "react_frontend", "filename": "react_frontend/index.html", "revision_history": [{"11": "e233f1a85e69f9fe88b1c7cd6ed159d479911fc5"}]}