{"is_source_file": true, "format": "JavaScript/JSX", "description": "This is a React component file named App.jsx that defines a simple frontend UI for verifying the application's frontend container starts successfully. It contains an App component that renders a styled page with a title, a status message, and a tip for configuration.", "external_files": [".env"], "external_methods": [], "published": ["App"], "classes": [], "methods": [{"name": "App()", "description": "React functional component rendering the main app UI with inline styles.", "scope": "", "scopeKind": ""}], "calls": [], "search-terms": ["React", "App.jsx", "frontend", "UI", "component", "styles", "Harmony Music Player"], "state": 2, "file_id": 6, "knowledge_revision": 13, "git_revision": "e233f1a85e69f9fe88b1c7cd6ed159d479911fc5", "ctags": [{"_type": "tag", "name": "App", "path": "/home/kavia/workspace/code-generation/harmony-music-player-319249-319258/react_frontend/src/App.jsx", "pattern": "/^export default function App() {$/", "language": "JavaScript", "kind": "function", "signature": "()"}, {"_type": "tag", "name": "background", "path": "/home/kavia/workspace/code-generation/harmony-music-player-319249-319258/react_frontend/src/App.jsx", "pattern": "/^    background: \"#0b1220\",$/", "language": "JavaScript", "kind": "property", "scope": "styles.page", "scopeKind": "class"}, {"_type": "tag", "name": "background", "path": "/home/kavia/workspace/code-generation/harmony-music-player-319249-319258/react_frontend/src/App.jsx", "pattern": "/^    background: \"rgba(255,255,255,0.06)\",$/", "language": "JavaScript", "kind": "property", "scope": "styles.card", "scopeKind": "class"}, {"_type": "tag", "name": "border", "path": "/home/kavia/workspace/code-generation/harmony-music-player-319249-319258/react_frontend/src/App.jsx", "pattern": "/^    border: \"1px solid rgba(255,255,255,0.12)\"$/", "language": "JavaScript", "kind": "property", "scope": "styles.card", "scopeKind": "class"}, {"_type": "tag", "name": "borderRadius", "path": "/home/kavia/workspace/code-generation/harmony-music-player-319249-319258/react_frontend/src/App.jsx", "pattern": "/^    borderRadius: 16,$/", "language": "JavaScript", "kind": "property", "scope": "styles.card", "scopeKind": "class"}, {"_type": "tag", "name": "card", "path": "/home/kavia/workspace/code-generation/harmony-music-player-319249-319258/react_frontend/src/App.jsx", "pattern": "/^  card: {$/", "language": "JavaScript", "kind": "class", "scope": "styles", "scopeKind": "class"}, {"_type": "tag", "name": "color", "path": "/home/kavia/workspace/code-generation/harmony-music-player-319249-319258/react_frontend/src/App.jsx", "pattern": "/^    color: \"#f9fafb\",$/", "language": "JavaScript", "kind": "property", "scope": "styles.page", "scopeKind": "class"}, {"_type": "tag", "name": "display", "path": "/home/kavia/workspace/code-generation/harmony-music-player-319249-319258/react_frontend/src/App.jsx", "pattern": "/^    display: \"grid\",$/", "language": "JavaScript", "kind": "property", "scope": "styles.page", "scopeKind": "class"}, {"_type": "tag", "name": "fontFamily", "path": "/home/kavia/workspace/code-generation/harmony-music-player-319249-319258/react_frontend/src/App.jsx", "pattern": "/^    fontFamily:$/", "language": "JavaScript", "kind": "property", "scope": "styles.page", "scopeKind": "class"}, {"_type": "tag", "name": "fontSize", "path": "/home/kavia/workspace/code-generation/harmony-music-player-319249-319258/react_frontend/src/App.jsx", "pattern": "/^    fontSize: 28,$/", "language": "JavaScript", "kind": "property", "scope": "styles.h1", "scopeKind": "class"}, {"_type": "tag", "name": "fontSize", "path": "/home/kavia/workspace/code-generation/harmony-music-player-319249-319258/react_frontend/src/App.jsx", "pattern": "/^  meta: { margin: 0, opacity: 0.75, fontSize: 14 }$/", "language": "JavaScript", "kind": "property", "scope": "styles.meta", "scopeKind": "class"}, {"_type": "tag", "name": "fontWeight", "path": "/home/kavia/workspace/code-generation/harmony-music-player-319249-319258/react_frontend/src/App.jsx", "pattern": "/^    fontWeight: 700,$/", "language": "JavaScript", "kind": "property", "scope": "styles.h1", "scopeKind": "class"}, {"_type": "tag", "name": "h1", "path": "/home/kavia/workspace/code-generation/harmony-music-player-319249-319258/react_frontend/src/App.jsx", "pattern": "/^  h1: {$/", "language": "JavaScript", "kind": "class", "scope": "styles", "scopeKind": "class"}, {"_type": "tag", "name": "letterSpacing", "path": "/home/kavia/workspace/code-generation/harmony-music-player-319249-319258/react_frontend/src/App.jsx", "pattern": "/^    letterSpacing: -0.4$/", "language": "JavaScript", "kind": "property", "scope": "styles.h1", "scopeKind": "class"}, {"_type": "tag", "name": "lineHeight", "path": "/home/kavia/workspace/code-generation/harmony-music-player-319249-319258/react_frontend/src/App.jsx", "pattern": "/^  p: { marginTop: 10, marginBottom: 10, opacity: 0.92, lineHeight: 1.5 },$/", "language": "JavaScript", "kind": "property", "scope": "styles.p", "scopeKind": "class"}, {"_type": "tag", "name": "margin", "path": "/home/kavia/workspace/code-generation/harmony-music-player-319249-319258/react_frontend/src/App.jsx", "pattern": "/^    margin: 0,$/", "language": "JavaScript", "kind": "property", "scope": "styles.h1", "scopeKind": "class"}, {"_type": "tag", "name": "margin", "path": "/home/kavia/workspace/code-generation/harmony-music-player-319249-319258/react_frontend/src/App.jsx", "pattern": "/^  meta: { margin: 0, opacity: 0.75, fontSize: 14 }$/", "language": "JavaScript", "kind": "property", "scope": "styles.meta", "scopeKind": "class"}, {"_type": "tag", "name": "marginBottom", "path": "/home/kavia/workspace/code-generation/harmony-music-player-319249-319258/react_frontend/src/App.jsx", "pattern": "/^  p: { marginTop: 10, marginBottom: 10, opacity: 0.92, lineHeight: 1.5 },$/", "language": "JavaScript", "kind": "property", "scope": "styles.p", "scopeKind": "class"}, {"_type": "tag", "name": "marginTop", "path": "/home/kavia/workspace/code-generation/harmony-music-player-319249-319258/react_frontend/src/App.jsx", "pattern": "/^  p: { marginTop: 10, marginBottom: 10, opacity: 0.92, lineHeight: 1.5 },$/", "language": "JavaScript", "kind": "property", "scope": "styles.p", "scopeKind": "class"}, {"_type": "tag", "name": "meta", "path": "/home/kavia/workspace/code-generation/harmony-music-player-319249-319258/react_frontend/src/App.jsx", "pattern": "/^  meta: { margin: 0, opacity: 0.75, fontSize: 14 }$/", "language": "JavaScript", "kind": "class", "scope": "styles", "scopeKind": "class"}, {"_type": "tag", "name": "minHeight", "path": "/home/kavia/workspace/code-generation/harmony-music-player-319249-319258/react_frontend/src/App.jsx", "pattern": "/^    minHeight: \"100vh\",$/", "language": "JavaScript", "kind": "property", "scope": "styles.page", "scopeKind": "class"}, {"_type": "tag", "name": "opacity", "path": "/home/kavia/workspace/code-generation/harmony-music-player-319249-319258/react_frontend/src/App.jsx", "pattern": "/^  meta: { margin: 0, opacity: 0.75, fontSize: 14 }$/", "language": "JavaScript", "kind": "property", "scope": "styles.meta", "scopeKind": "class"}, {"_type": "tag", "name": "opacity", "path": "/home/kavia/workspace/code-generation/harmony-music-player-319249-319258/react_frontend/src/App.jsx", "pattern": "/^  p: { marginTop: 10, marginBottom: 10, opacity: 0.92, lineHeight: 1.5 },$/", "language": "JavaScript", "kind": "property", "scope": "styles.p", "scopeKind": "class"}, {"_type": "tag", "name": "p", "path": "/home/kavia/workspace/code-generation/harmony-music-player-319249-319258/react_frontend/src/App.jsx", "pattern": "/^  p: { marginTop: 10, marginBottom: 10, opacity: 0.92, lineHeight: 1.5 },$/", "language": "JavaScript", "kind": "class", "scope": "styles", "scopeKind": "class"}, {"_type": "tag", "name": "padding", "path": "/home/kavia/workspace/code-generation/harmony-music-player-319249-319258/react_frontend/src/App.jsx", "pattern": "/^    padding: 24,$/", "language": "JavaScript", "kind": "property", "scope": "styles.card", "scopeKind": "class"}, {"_type": "tag", "name": "page", "path": "/home/kavia/workspace/code-generation/harmony-music-player-319249-319258/react_frontend/src/App.jsx", "pattern": "/^  page: {$/", "language": "JavaScript", "kind": "class", "scope": "styles", "scopeKind": "class"}, {"_type": "tag", "name": "placeItems", "path": "/home/kavia/workspace/code-generation/harmony-music-player-319249-319258/react_frontend/src/App.jsx", "pattern": "/^    placeItems: \"center\",$/", "language": "JavaScript", "kind": "property", "scope": "styles.page", "scopeKind": "class"}, {"_type": "tag", "name": "styles", "path": "/home/kavia/workspace/code-generation/harmony-music-player-319249-319258/react_frontend/src/App.jsx", "pattern": "/^        <p style={styles.meta}>$/", "language": "JavaScript", "kind": "field", "scope": "Supabase.", "scopeKind": "class"}, {"_type": "tag", "name": "styles", "path": "/home/kavia/workspace/code-generation/harmony-music-player-319249-319258/react_frontend/src/App.jsx", "pattern": "/^    <div style={styles.page}>$/", "language": "JavaScript", "kind": "field", "scope": "App.AnonymousClass6031db270101", "scopeKind": "class"}, {"_type": "tag", "name": "styles", "path": "/home/kavia/workspace/code-generation/harmony-music-player-319249-319258/react_frontend/src/App.jsx", "pattern": "/^const styles = {$/", "language": "JavaScript", "kind": "class"}, {"_type": "tag", "name": "width", "path": "/home/kavia/workspace/code-generation/harmony-music-player-319249-319258/react_frontend/src/App.jsx", "pattern": "/^    width: \"min(720px, 92vw)\",$/", "language": "JavaScript", "kind": "property", "scope": "styles.card", "scopeKind": "class"}], "hash": "f5463460c4ed20689c37369354373e58", "format-version": 4, "code-base-name": "react_frontend", "filename": "react_frontend/src/App.jsx", "fields": [{"name": "background: \"#0b1220\",", "scope": "styles.page", "scopeKind": "class", "description": "unavailable"}, {"name": "background: \"rgba(255,255,255,0.06)\",", "scope": "styles.card", "scopeKind": "class", "description": "unavailable"}, {"name": "border: \"1px solid rgba(255,255,255,0.12)\"", "scope": "styles.card", "scopeKind": "class", "description": "unavailable"}, {"name": "borderRadius: 16,", "scope": "styles.card", "scopeKind": "class", "description": "unavailable"}, {"name": "color: \"#f9fafb\",", "scope": "styles.page", "scopeKind": "class", "description": "unavailable"}, {"name": "display: \"grid\",", "scope": "styles.page", "scopeKind": "class", "description": "unavailable"}, {"name": "fontFamily:", "scope": "styles.page", "scopeKind": "class", "description": "unavailable"}, {"name": "fontSize: 28,", "scope": "styles.h1", "scopeKind": "class", "description": "unavailable"}, {"name": "meta: { margin: 0, opacity: 0.75, fontSize: 14 }", "scope": "styles.meta", "scopeKind": "class", "description": "unavailable"}, {"name": "fontWeight: 700,", "scope": "styles.h1", "scopeKind": "class", "description": "unavailable"}, {"name": "letterSpacing: -0.4", "scope": "styles.h1", "scopeKind": "class", "description": "unavailable"}, {"name": "p: { marginTop: 10, marginBottom: 10, opacity: 0.92, lineHeight: 1.5 },", "scope": "styles.p", "scopeKind": "class", "description": "unavailable"}, {"name": "margin: 0,", "scope": "styles.h1", "scopeKind": "class", "description": "unavailable"}, {"name": "minHeight: \"100vh\",", "scope": "styles.page", "scopeKind": "class", "description": "unavailable"}, {"name": "padding: 24,", "scope": "styles.card", "scopeKind": "class", "description": "unavailable"}, {"name": "placeItems: \"center\",", "scope": "styles.page", "scopeKind": "class", "description": "unavailable"}, {"name": "<p style={styles.meta}>", "scope": "Supabase.", "scopeKind": "class", "description": "unavailable"}, {"name": "<div style={styles.page}>", "scope": "App.AnonymousClass6031db270101", "scopeKind": "class", "description": "unavailable"}, {"name": "width: \"min(720px, 92vw)\",", "scope": "styles.card", "scopeKind": "class", "description": "unavailable"}], "revision_history": [{"13": "e233f1a85e69f9fe88b1c7cd6ed159d479911fc5"}]}