{"is_source_file": true, "format": "JavaScript (React JSX)", "description": "Entrypoint file for a React application, responsible for rendering the root component into the DOM.", "external_files": ["react", "react-dom/client", "./App.jsx"], "external_methods": ["ReactDOM.createRoot"], "published": [], "classes": [], "methods": [], "calls": ["ReactDOM.createRoot", "render"], "search-terms": ["main.jsx", "ReactDOM", "render", "React.StrictMode", "App"], "state": 2, "file_id": 5, "knowledge_revision": 12, "git_revision": "e233f1a85e69f9fe88b1c7cd6ed159d479911fc5", "ctags": [], "hash": "b892d5f1acfa3e95b4ead465c885fa65", "format-version": 4, "code-base-name": "react_frontend", "filename": "react_frontend/src/main.jsx", "revision_history": [{"12": "e233f1a85e69f9fe88b1c7cd6ed159d479911fc5"}]}