{"is_source_file": false, "format": "", "description": "", "external_files": [], "external_methods": [], "published": [], "classes": [], "methods": [], "calls": [], "search-terms": [], "state": 2, "file_id": 2, "knowledge_revision": 9, "git_revision": "e233f1a85e69f9fe88b1c7cd6ed159d479911fc5", "hash": "a54c22751da551dd165d957de452b116", "format-version": 4, "code-base-name": "react_frontend", "filename": "react_frontend/package.json", "revision_history": [{"9": "e233f1a85e69f9fe88b1c7cd6ed159d479911fc5"}]}