{"is_source_file": true, "format": "JavaScript (ES module)", "description": "Vite configuration file for a React frontend project, setting up plugins and server options.", "external_files": ["@vitejs/plugin-react", "vite"], "external_methods": ["defineConfig"], "published": [], "classes": [], "methods": [], "calls": ["defineConfig", "react()"], "search-terms": ["vite.config.js", "React", "Vite", "plugin-react", "server configuration", "port", "host"], "state": 2, "file_id": 3, "knowledge_revision": 10, "git_revision": "e233f1a85e69f9fe88b1c7cd6ed159d479911fc5", "ctags": [], "hash": "52d4ac2efe87b1d772d27dfe623156d0", "format-version": 4, "code-base-name": "react_frontend", "filename": "react_frontend/vite.config.js", "revision_history": [{"10": "e233f1a85e69f9fe88b1c7cd6ed159d479911fc5"}]}